<?xml version="1.0" encoding="utf-8" ?>
<MapData>
	<MetaData>
		<!-- Information About the Map -->
		<Name>ExampleMap</Name>
		<Author>Author</Author>
		<Description>Example Map</Description>
		<Version>1.0</Version>

		<!-- Size of the map in tiles -->
		<Size>
			<X>2</X>
			<Y>1</Y>
		</Size>

		<!-- The size of the tiles in pixels -->
		<TileSize>
			<X>32</X>
			<Y>32</Y>
		</TileSize>

		<!-- Tileset used for the map -->
		<Tileset>ExampleTileset</Tileset>
	</MetaData>

	<Grid>
		<Rows>
			<Row0>
				<Tile0>
					<!-- Tile Texture Key -->
					<Key>0</Key>

					<!-- Tile Properties -->
					<Properties>
						<Property>
							<Name>Property1</Name>
							<Value>Value1</Value>
						</Property>
						<Property>
							<Name>Property2</Name>
							<Value>Value2</Value>
						</Property>
					</Properties>
				</Tile0>

				<Tile1>
					<!-- Tile Texture Key -->
					<Key>1</Key>

					<!-- Tile Properties -->
					<Properties>
						<Property>
							<Name>Property1</Name>
							<Value>Value1</Value>
						</Property>
						<Property>
							<Name>Property2</Name>
							<Value>Value2</Value>
						</Property>
					</Properties>
				</Tile1>
			</Row0>
		</Rows>
	</Grid>
</MapData>